File Name,
Date,
Time,
Type,
Number Points X,0
Number Points Y,0

ID,0,1,2,3,4
[1;1] Real,0.000000000000000,1.000000000000000,2.000000000000000,3.000000000000000,4.000000000000000
[1;1] Imag,0.000000000000000,1.000000000000000,2.000000000000000,3.000000000000000,4.000000000000000