File Name,Empty
Date,2025:12:09
Time,00:44:15
Type,empty
Number Points X,0
Number Points Y,0

Index,Real,Imaginary
0,0.000000000000000,0.000000000000000
1,1.000000000000000,1.000000000000000
2,2.000000000000000,2.000000000000000
3,3.000000000000000,3.000000000000000
4,4.000000000000000,4.000000000000000
5,5.000000000000000,6.000000000000000
6,7.000000000000000,8.000000000000000
7,9.000000000000000,10.000000000000000
